<?xml version="1.0"?>
<!DOCTYPE hibernate-mapping PUBLIC "-//Hibernate/Hibernate Mapping DTD 3.0//EN"
"http://hibernate.sourceforge.net/hibernate-mapping-3.0.dtd">
<!-- Generated Mar 22, 2019 4:10:12 PM by Hibernate Tools 3.5.0.Final -->
<hibernate-mapping>
    <class name="com.niit.hiber.Employee" table="EMPLOYEE">
        <id name="id" type="int">
            <column name="ID" />
            <generator class="assigned" />
        </id>
        <property name="firstName" type="java.lang.String">
            <column name="FIRSTNAME" />
        </property>
        <property name="lastName" type="java.lang.String">
            <column name="LASTNAME" />
        </property>
        <property name="salary" type="int">
            <column name="SALARY" />
        </property>
    </class>
</hibernate-mapping>
